id,candidate,program_type,priority_group,species,virus,lineage_or_scope,stage,stage_key,stage_order,platform_family,platform,modality,sponsor_or_steward,setting,trial_status,clinical_phase_detail,publication_status,trial_start_date,primary_completion_date,completion_date,results_publication_date,trial_registry_ids,trial_locations,funding,reserve_or_stockpile_status,status_summary,next_milestone_or_gap,evidence_class,is_gap,is_clinical,source_titles,source_urls,registry_status_summary,publication_watch_summary,review_flags,curation_note
niv-chadox1-phase2-ongoing,ChAdOx1 NipahB,Human vaccine,Active public-health priority,Henipavirus nipahense,Nipah virus,Bangladesh exposure setting / NiV-B-focused candidate,Phase II ongoing,phase2_ongoing,9,Viral vector - chimpanzee adenovirus,Non-replicating chimpanzee adenovirus vector (ChAdOx1) expressing Nipah virus Bangladesh antigen,Human prophylactic vaccine,"University of Oxford Pandemic Sciences Institute, CEPI, icddr,b, Serum Institute of India",Phase I in Oxford; Phase IIa safety/immunogenicity study in Bangladesh; investigational reserve manufacturing by SII,"Phase II ongoing; Phase I one-year follow-up complete, results expected",World-first Phase II Nipah vaccine trial launched in Bangladesh in December 2025; planned enrolment 306 healthy adults aged 18–55. Earlier Oxford Phase I enrolled 51 adults aged 18–55.,Phase I results expected; Phase II not yet read out,2024-01,,,,"[""ISRCTN87634044"", ""ISRCTN62461807""]","[{""city"": ""Oxford"", ""country"": ""United Kingdom"", ""population"": ""Healthy adults aged 18–55"", ""role"": ""Phase I first-in-human trial"", ""site"": ""Oxford Vaccine Group / University of Oxford""}, {""city"": ""Dhaka / Nipah-affected region"", ""country"": ""Bangladesh"", ""population"": ""306 healthy adults aged 18–55"", ""role"": ""Phase IIa affected-region safety and immunogenicity trial"", ""site"": ""icddr,b partner sites""}, {""city"": ""Pune"", ""country"": ""India"", ""population"": ""Not a clinical trial site"", ""role"": ""Manufacturing / investigational reserve"", ""site"": ""Serum Institute of India""}]","[{""amount"": 7.3, ""currency"": ""USD"", ""funder"": ""CEPI"", ""grant_or_award"": ""SII process development, manufacturing, Phase II supply, investigational reserve"", ""note"": ""Funding of up to US$7.3M supports manufacturing and up to 100,000 investigational reserve doses."", ""unit"": ""million""}, {""amount"": 150, ""currency"": ""USD"", ""funder"": ""CEPI"", ""grant_or_award"": ""Nipah R&D portfolio context"", ""note"": ""CEPI describes a broader US$150M Nipah R&D portfolio."", ""unit"": ""million""}]","Investigational reserve of up to 100,000 doses planned for emergency-use deployment; not human licensure.","Updated to Phase II ongoing. ChAdOx1 NipahB is the most advanced public Nipah vaccine candidate, with affected-region testing now launched in Bangladesh and a CEPI/SII investigational reserve pathway.","Phase II safety/immunogenicity readout, Phase I publication, correlates/assay work, emergency-use governance, and larger at-risk population strategy.",Phase II ongoing + investigational reserve manufacturing,False,True,CEPI: University of Oxford launches world-first Phase II Nipah vaccine trial | University of Oxford: world-first Phase II Nipah vaccine trial launch | CEPI: establishing the world’s largest Nipah virus vaccine reserve | ISRCTN87634044 ChAdOx1 NipahB Phase I registry | ISRCTN62461807 ChAdOx1 NipahB Phase II Bangladesh registry,https://cepi.net/university-oxford-launches-worlds-first-phase-ii-nipah-virus-vaccine-trial | https://www.ox.ac.uk/news/2025-12-15-worlds-first-phase-ii-nipah-virus-vaccine-trial-launch | https://cepi.net/establishing-worlds-largest-nipah-virus-vaccine-reserve | https://www.isrctn.com/ISRCTN87634044 | https://www.isrctn.com/ISRCTN62461807,ISRCTN87634044: monitored page | ISRCTN62461807: monitored page,ChAdOx1-NipahB: 26 Europe PMC hits,Source returned HTTP 403: https://europepmc.org/search?query=%22ChAdOx1%20NipahB%22%20OR%20%22ChAdOx1%20NiV%22,Stage changed from reserve/emergency readiness to Phase II ongoing. Reserve manufacturing is preserved as a separate field so the maturity lane reflects the clinical-trial endpoint rather than stockpile readiness.
niv-phv02-phase2-planned,PHV02,Human vaccine,Active public-health priority,Henipavirus nipahense,Nipah virus,Bangladesh strain G glycoprotein in rVSV∆G-EBOV GP/NiV G vector,Phase II planned / funded,phase2_planned,8,Viral vector - recombinant VSV,Live attenuated recombinant vesicular stomatitis virus vector expressing NiV-B G and Ebola virus glycoprotein,Human prophylactic vaccine,"Public Health Vaccines, CEPI, NIAID originator technology",Phase II Bangladesh trial funded/planned after Phase Ia/Ib; product designed as potentially single-dose vaccine,Phase Ia/Ib completed; Phase II announced/planned for Bangladesh,"CEPI announced US$17.3M to support mid-stage human trials in Bangladesh, with an upcoming study expected to include about 500 adults and 75 children.",Phase I registry/results monitoring; no Phase II readout yet,,,,,"[""NCT05178901"", ""NCT06221813""]","[{""city"": ""Multiple / registry sites"", ""country"": ""United States"", ""population"": ""Healthy adult volunteers"", ""role"": ""Phase Ia/Ib clinical testing"", ""site"": ""Public Health Vaccines early clinical program""}, {""city"": ""Nipah-affected communities"", ""country"": ""Bangladesh"", ""population"": ""Approximately 500 adults and 75 children, per CEPI Technical Resources summary"", ""role"": ""Planned Phase II affected-area study"", ""site"": ""To be confirmed""}]","[{""amount"": 17.3, ""currency"": ""USD"", ""funder"": ""CEPI"", ""grant_or_award"": ""PHV02 mid-stage Bangladesh trial support"", ""note"": ""July 2025 award for mid-stage human trials."", ""unit"": ""million""}, {""amount"": 43.6, ""currency"": ""USD"", ""funder"": ""CEPI"", ""grant_or_award"": ""Earlier PHV partnering agreement through Phase II testing"", ""note"": ""PHV product page describes an earlier agreement worth up to US$43.6M."", ""unit"": ""million""}]",CEPI says a stockpile option could be pursued if the vaccine is successful and approved.,"PHV02 remains a funded Phase II/planned affected-area candidate, not yet curated as Phase II ongoing unless registry or sponsor sources confirm launch.","Verify Phase II launch/recruitment, study population, paediatric cohort governance, and Phase Ia/Ib publication or final registry status.",Phase II funded/planned; Phase Ia/Ib complete by sponsor/CEPI reporting,False,True,CEPI: new vaccine set for human trials in Nipah outbreak hotspot | CEPI Technical Resources: PHV02 in Bangladesh | Public Health Vaccines PHV02 product page | ClinicalTrials.gov NCT05178901 | ClinicalTrials.gov NCT06221813,https://cepi.net/new-vaccine-set-human-trials-nipah-outbreak-hotspot | https://cepi-tr.tghn.org/priority-diseases/nipah/ | https://phvaccines.com/PHV02.html | https://clinicaltrials.gov/study/NCT05178901 | https://clinicaltrials.gov/study/NCT06221813,"NCT05178901: COMPLETED (PHASE1); start 2022-01-10, primary completion 2023-05-30 | NCT06221813: COMPLETED (PHASE1); start 2024-01-26, primary completion 2024-09-30",PHV02: 24 Europe PMC hits,Source returned HTTP 403: https://europepmc.org/search?query=PHV02%20Nipah%20vaccine | NCT05178901 reports COMPLETED; review whether the curated stage still describes the public pathway. | NCT06221813 reports COMPLETED; review whether the curated stage still describes the public pathway.,Kept as Phase II planned/funded because the public source-backed status is planned launch; automatic registry checks will flag terminal or recruitment changes for review.
niv-hev-sg-phase1-results-published,HeV-sG-V / HenipaVax™,Human vaccine,Active public-health priority,Henipavirus nipahense / Henipavirus hendraense,Nipah virus; Hendra virus cross-protective antigen,Recombinant soluble Hendra G antigen evaluated clinically as Nipah vaccine; animal evidence supports Nipah/Hendra cross-protection,Phase I results published,phase1_results_published,7,Subunit protein,Recombinant soluble Hendra virus G glycoprotein subunit vaccine with alum adjuvant,Human prophylactic vaccine,"Auro Vaccines, PATH, CEPI; original USU/HJF technology",Single-centre US Phase I trial in healthy adults,Phase I completed; results published,"Randomised, observer-blind, placebo-controlled Phase I in healthy adults, registered as NCT04199169.",Published in The Lancet on 13 December 2025; PubMed record PMID 41248666.,,,,2025-12-13,"[""NCT04199169""]","[{""city"": ""Cincinnati, Ohio"", ""country"": ""United States"", ""population"": ""Healthy adults"", ""role"": ""Phase I clinical trial"", ""site"": ""Cincinnati Children’s Hospital Medical Center / single-centre Phase I site""}]","[{""amount"": 25, ""currency"": ""USD"", ""funder"": ""CEPI"", ""grant_or_award"": ""Initial Phase I support announced in 2019"", ""note"": ""CEPI funded first Phase I clinical trial of the Nipah vaccine candidate."", ""unit"": ""million""}]",No licensed human reserve; potential reactive outbreak-control use case discussed in publication summary.,Updated to Phase I results published. The Lancet publication reports the candidate as safe/tolerable and immunogenic across tested doses/regimens.,"Dose/regimen selection, immune-bridging strategy, affected-region testing, and manufacturing/readiness pathway.",Peer-reviewed Phase I results + animal cross-protection evidence,False,True,PubMed: HeV-sG-V Phase I Lancet record | The Lancet DOI for HeV-sG-V Phase I study | ClinicalTrials.gov NCT04199169 | CEPI: first Phase I Nipah vaccine candidate | npj Vaccines: single-dose investigational subunit vaccine evidence,https://pubmed.ncbi.nlm.nih.gov/41248666/ | https://doi.org/10.1016/S0140-6736(25)01390-X | https://clinicaltrials.gov/study/NCT04199169 | https://cepi.net/cepi-funded-nipah-virus-vaccine-candidate-first-reach-phase-1-clinical-trial | https://www.nature.com/articles/s41541-021-00284-w,"NCT04199169: COMPLETED (PHASE1); start 2020-02-18, primary completion 2022-05-06",HeV-sG-V: 21 Europe PMC hits,Source returned HTTP 403: https://doi.org/10.1016/S0140-6736(25)01390-X | Source returned HTTP 403: https://europepmc.org/search?query=%22HeV-sG-V%22%20Nipah%20vaccine,Moved from Phase I complete/immune bridge to Phase I results published and tagged with The Lancet publication date.
niv-mrna1215-phase1-results-published,mRNA-1215,Human vaccine,Active public-health priority,Henipavirus nipahense,Nipah virus,Structure-based chimeric prefusion F/G mRNA design; NiV-M immunogen with cross-reactivity monitoring,Phase I results published,phase1_results_published,7,mRNA,Lipid nanoparticle mRNA encoding chimeric prefusion F linked to G,Human prophylactic vaccine,"NIAID Vaccine Research Center, Moderna",US Phase I dose-escalation trial in healthy adults,Phase I completed; peer-reviewed results published,"First-in-human, open-label dose-escalation Phase I study in 40 healthy adults, registered as NCT05398796.","Phase I completed in September 2024; Nature Medicine results published in 2026, superseding prior “results pending” notes.",2022-07-11,2024-09-17,2024-09-17,2026-03,"[""NCT05398796""]","[{""city"": ""Bethesda, Maryland"", ""country"": ""United States"", ""population"": ""Healthy adults aged 18–60"", ""role"": ""Phase I clinical trial"", ""site"": ""NIH Clinical Center / Vaccine Research Center clinical program""}]","[{""amount"": null, ""currency"": ""USD"", ""funder"": ""NIH/NIAID"", ""grant_or_award"": ""Vaccine Research Center / Moderna collaboration"", ""note"": ""Public announcements identify NIAID and Moderna; specific public grant amount not curated."", ""unit"": """"}]",No licensed human reserve identified.,Updated to Phase I results published. Earlier notes that results were unavailable after September 2024 are now superseded by the 2026 Nature Medicine Phase I report.,"Endemic-region testing, dose/regimen decision, standardized neutralization/correlate work, and development-pathway decision.",Peer-reviewed Phase I results,False,True,Nature Medicine: mRNA-1215 Phase I report | PubMed: mRNA-1215 Phase I record | ClinicalTrials.gov NCT05398796 | NIH: launch of mRNA Nipah vaccine trial,https://www.nature.com/articles/s41591-026-04265-1 | https://pubmed.ncbi.nlm.nih.gov/41820674/ | https://clinicaltrials.gov/study/NCT05398796 | https://www.nih.gov/news-events/news-releases/nih-launches-clinical-trial-mrna-nipah-virus-vaccine,"NCT05398796: COMPLETED (PHASE1); start 2022-07-11, primary completion 2024-09-17",mRNA-1215: 60 Europe PMC hits,Source returned HTTP 403: https://europepmc.org/search?query=%22mRNA-1215%22%20Nipah,Timeline fields now separate completion date from publication status.
niv-gennova-sarna-ind-enabling,Gennova self-amplifying mRNA Nipah vaccine candidate,Human vaccine,Active public-health priority,Henipavirus nipahense,Nipah virus,AI-assisted antigen discovery and saRNA platform development in India,IND-enabling / clinical-entry preparation,ind_enabling,3,mRNA - self-amplifying RNA,Self-amplifying mRNA vaccine platform with lipid nanoparticle/lyophilised manufacturing approach,Human prophylactic vaccine,"Gennova Biopharmaceuticals, CEPI, Houston Methodist Research Institute",Preclinical and planned Phase I testing in India,Preclinical / clinical-entry preparation; no public Phase I registry curated yet,CEPI announced expanded funding for preclinical and Phase I vaccine tests in India.,No clinical results yet,,,,,[],"[{""city"": ""Pune and to be confirmed trial sites"", ""country"": ""India"", ""population"": ""Planned healthy adult volunteers; registry not yet curated"", ""role"": ""Preclinical development and planned Phase I testing"", ""site"": ""Gennova Biopharmaceuticals""}, {""city"": ""Houston, Texas"", ""country"": ""United States"", ""population"": ""Not a clinical trial site"", ""role"": ""AI-assisted antigen-target identification"", ""site"": ""Houston Methodist Research Institute""}]","[{""amount"": 13.38, ""currency"": ""USD"", ""funder"": ""CEPI"", ""grant_or_award"": ""Expanded Gennova Nipah saRNA vaccine collaboration"", ""note"": ""March 2025 CEPI announcement."", ""unit"": ""million""}, {""amount"": 3.6, ""currency"": ""USD"", ""funder"": ""CEPI"", ""grant_or_award"": ""Earlier Gennova saRNA platform optimisation"", ""note"": ""CEPI initial platform-technology support announced in August 2023."", ""unit"": ""million""}]",No reserve identified.,Newly added saRNA program to broaden mRNA platform coverage beyond Moderna/NIAID mRNA-1215.,"Public registry ID, Phase I protocol details, antigen construct disclosure, preclinical immunogenicity/toxicology data.",CEPI-funded preclinical-to-Phase I preparation,False,False,CEPI: AI-enhanced self-amplifying mRNA vaccine set to combat Nipah | Gennova Biopharmaceuticals corporate site,https://cepi.net/ai-enhanced-self-amplifying-mrna-vaccine-set-combat-one-deadliest-known-viruses | https://gennova.bio/,,Gennova-saRNA-Nipah: 2 Europe PMC hits,Source returned HTTP 403: https://europepmc.org/search?query=Gennova%20self-amplifying%20mRNA%20Nipah%20vaccine,Added from user-requested March 2025 CEPI update; curated below Phase I until a public trial registry or launch notice is available.
niv-mvniv-phase1-started,MV-NiV,Human vaccine,Active public-health priority,Henipavirus nipahense,Nipah virus,Recombinant measles virus vector expressing Nipah virus antigen,Phase I started / ongoing,phase1_started,5,Viral vector - recombinant measles,Recombinant measles virus vector vaccine,Human prophylactic vaccine,"University of Tokyo, European Vaccine Initiative, AMED/SCARDA collaborators",Initial first-in-human trial in Europe/Belgium; Phase I/II Bangladesh development anticipated,Phase I scheduled/registered; monitor for active recruitment and first dosing,"EVI announced support for first-in-human clinical development, with an initial trial scheduled in Belgium and later Phase I/II work in Bangladesh anticipated.",No human results yet,2026-04,,,,"[""EU CT 2025-522293-37-00""]","[{""city"": ""To be confirmed"", ""country"": ""Belgium"", ""population"": ""Healthy volunteers, 18–40 in Belgian biosafety summary"", ""role"": ""Phase I healthy volunteer trial"", ""site"": ""European first-in-human site""}, {""city"": ""To be confirmed"", ""country"": ""Bangladesh"", ""population"": ""At-risk or endemic-region populations, to be confirmed"", ""role"": ""Planned follow-on development"", ""site"": ""Future Phase I/II affected-area sites""}]","[{""amount"": null, ""currency"": """", ""funder"": ""AMED/SCARDA"", ""grant_or_award"": ""Japanese strategic vaccine-development support"", ""note"": ""EVI describes the candidate as developed under Japan-supported pandemic vaccine development."", ""unit"": """"}]",No reserve identified.,MV-NiV is now shown as a clinical-entry measles-vector program rather than a generic preclinical/measles platform row.,"Confirm first participant dosed, registry status, protocol endpoints, and Bangladesh Phase I/II timing.",Phase I scheduled/registered; preclinical efficacy cited by sponsor,False,True,European Vaccine Initiative: first-in-human trial of MV-NiV | EU Clinical Trials Information System search | Belgian Biosafety advisory summary for MV-NiV,https://www.euvaccine.eu/post/evi-supports-first-in-human-clinical-trial-of-novel-nipah-virus-vaccine | https://euclinicaltrials.eu/search-for-clinical-trials/?lang=en | https://www.biosafety.be/content/mv-niv-recombinant-measles-virus-vector-vaccine-against-nipah-virus,2025-522293-37-00: monitored page,MV-NiV: 4 Europe PMC hits,Source returned HTTP 404: https://www.biosafety.be/content/mv-niv-recombinant-measles-virus-vector-vaccine-against-nipah-virus | Source title may indicate a stale/broken page: Page not found | Belgian Biosafety Server | Source returned HTTP 403: https://europepmc.org/search?query=%22MV-NiV%22%20Nipah%20vaccine,Uses Phase I started/ongoing lane because public sources point to first-in-human clinical entry; keep under review until enrolment status is machine-readable.
niv-cd40-targeted-preclinical,CD40.NiV / CD40-targeted Nipah vaccine concept,Human vaccine - preclinical platform,Active public-health priority,Henipavirus nipahense,Nipah virus,NiV glycoprotein antigen targeted to CD40 antigen-presenting cells,Preclinical / animal-model evidence,preclinical,2,Subunit protein / immune-targeted biologic,CD40-targeted recombinant protein immunogen,Human vaccine concept,Academic/preclinical investigators,Animal-model immunogenicity/protection evidence,Preclinical,No public human clinical trial identified.,Preclinical publication available,,,,,[],[],[],None identified.,Representative preclinical immune-targeting approach retained as platform evidence.,"Manufacturability, toxicology, GLP package, and clinical sponsor.",Preclinical animal/model evidence,False,False,Cell Reports Medicine / PubMed preclinical CD40.NiV work,https://pubmed.ncbi.nlm.nih.gov/38471503/,,CD40-NiV: 78 Europe PMC hits,Source returned HTTP 403: https://europepmc.org/search?query=CD40%20Nipah%20vaccine,Preclinical comparator row for platform diversity.
niv-g-nanoparticle-preclinical,Nipah G glycoprotein nanoparticle / ferritin concepts,Human vaccine - preclinical platform,Active public-health priority,Henipavirus nipahense,Nipah virus,Attachment glycoprotein nanoparticle and ferritin-based subunit designs,Preclinical / animal-model evidence,preclinical,2,Subunit protein / nanoparticle,Nanoparticle-displayed Nipah attachment glycoprotein antigens,Human vaccine concept,Academic/preclinical investigators,Mouse/hamster preclinical immunogenicity and protection work,Preclinical,No public human clinical trial identified.,Preclinical publication available,,,,,[],[],[],None identified.,Adds nanoparticle subunit representation to the platform tracker.,"Down-select antigen, adjuvant, dose, durability, and translational sponsor.",Preclinical animal/model evidence,False,False,npj Vaccines: attachment glycoprotein nanoparticle elicits broad neutralizing antibodies | Virologica Sinica / ferritin nanoparticle-based Nipah glycoprotein vaccines,https://www.nature.com/articles/s41541-024-00943-y | https://www.sciencedirect.com/science/article/pii/S1995820X2400144X,,Nipah-nanoparticle: 379 Europe PMC hits,Source returned HTTP 404: https://www.nature.com/articles/s41541-024-00943-y | Source title may indicate a stale/broken page: Page not found | Nature | Source returned HTTP 403: https://www.sciencedirect.com/science/article/pii/S1995820X2400144X | Source returned HTTP 403: https://europepmc.org/search?query=Nipah%20nanoparticle%20vaccine,Preclinical platform row; not a clinical candidate.
hnv-fc-broad-preclinical,Fc-based broad henipavirus immunogen concepts,Human vaccine - preclinical platform,Broad preparedness / Disease X adjacency,Henipavirus nipahense / Henipavirus hendraense,Broad Nipah/Hendra scope,Cross-reactive F/G antigen engineering and broad henipavirus immune-response concepts,Preclinical / animal-model evidence,preclinical,2,Subunit protein / broad henipavirus,Engineered glycoprotein immunogens with Fc or multimeric display,Human vaccine concept,Academic/preclinical investigators,Preclinical broad-henipavirus immunogen design,Preclinical,No public human clinical trial identified.,Preclinical publication available,,,,,[],[],[],None identified.,"Retained as a broad-henipavirus platform row, distinct from species-specific active clinical programs.","Breadth testing against diverse henipaviruses, manufacturability, and sponsor.",Preclinical broad-protection concept,False,False,PMC: broad henipavirus Fc-based / immunogen preclinical literature,https://pmc.ncbi.nlm.nih.gov/articles/PMC12062192/,,broad-henipavirus-Fc: 183 Europe PMC hits,Source returned HTTP 403: https://europepmc.org/search?query=broad%20henipavirus%20Fc%20vaccine,"Broad-preparedness platform evidence, not an active clinical product."
niv-vlp-preclinical,Nipah virus-like particle vaccine concepts,Human vaccine - preclinical platform,Active public-health priority,Henipavirus nipahense,Nipah virus,"Virus-like particles containing Nipah G, F, and matrix proteins",Preclinical / animal-model evidence,preclinical,2,Virus-like particle (VLP),Virus-like particle vaccine,Human vaccine concept,Academic/preclinical investigators,Hamster challenge-model protection evidence,Preclinical,No public human clinical trial identified.,Preclinical publication available,,,,,[],[],[],None identified.,New platform-tracker row added for user-requested VLP coverage.,"GMP manufacturing path, adjuvant/dose optimization, NHP bridging, and clinical sponsor.",Preclinical animal-model protection,False,False,npj Vaccines: VLP-based vaccine provides protection against Nipah challenge | ResearchGate mirror/summary of VLP protection findings,https://www.nature.com/articles/s41541-017-0023-7 | https://www.researchgate.net/publication/318988373_A_VLP-based_vaccine_provides_complete_protection_against_Nipah_virus_challenge_following_multiple-dose_or_single-dose_vaccination_schedules_in_a_hamster_model,,Nipah-VLP: 1125 Europe PMC hits,Source returned HTTP 403: https://www.researchgate.net/publication/318988373_A_VLP-based_vaccine_provides_complete_protection_against_Nipah_virus_challenge_following_multiple-dose_or_single-dose_vaccination_schedules_in_a_hamster_model | Source returned HTTP 403: https://europepmc.org/search?query=Nipah%20virus-like%20particle%20vaccine,Added to ensure platform tracker shows VLP representation; still preclinical.
niv-dna-preclinical,DNA-launched Nipah vaccine and therapeutic candidates,Human vaccine - preclinical platform,Active public-health priority,Henipavirus nipahense,Nipah virus,DNA-encoded vaccine and monoclonal antibody delivery approaches,Preclinical / animal-model evidence,preclinical,2,DNA vaccine / DNA-encoded biologics,DNA-vectored / DNA-launched vaccine and therapeutic delivery platform,Human vaccine and therapeutic concepts,The Pirbright Institute and collaborators,"Preclinical models: mice, pigs, and hamsters",Preclinical,No public human clinical trial identified.,Project and preclinical plan public; monitor for data publication,,,,,[],"[{""city"": ""Pirbright"", ""country"": ""United Kingdom"", ""population"": ""Animal models"", ""role"": ""Preclinical development"", ""site"": ""The Pirbright Institute""}]","[{""amount"": null, ""currency"": """", ""funder"": ""UKRI / funders listed in project records"", ""grant_or_award"": ""DNA-launched Nipah virus vaccines and therapeutics project"", ""note"": ""Public grant records describe preclinical evaluation aims."", ""unit"": """"}]",None identified.,New platform-tracker row added for DNA vaccine/therapeutic representation.,"Animal efficacy data, construct selection, translational sponsor, and clinical entry package.",Preclinical program / funded project,False,False,Pirbright: DNA-launched Nipah virus vaccines and therapeutics | UKRI Gateway to Research: DNA-launched Nipah virus vaccines and therapeutics,https://www.pirbright.ac.uk/our-science/research-projects/dna-launched-nipah-virus-vaccines-and-therapeutics | https://gtr.ukri.org/projects?ref=UKRI999,,DNA-launched-Nipah: 99 Europe PMC hits,Source returned HTTP 403: https://europepmc.org/search?query=DNA-launched%20Nipah%20virus%20vaccines%20therapeutics,Added to ensure platform tracker covers DNA vaccine approaches.
niv-live-attenuated-preclinical,Live-attenuated Nipah vaccine concepts,Human vaccine - preclinical platform,Active public-health priority,Henipavirus nipahense,Nipah virus,Replication-competent attenuated / single-dose approaches in animal challenge models,Preclinical / animal-model evidence,preclinical,2,Live attenuated / replicating vector,Live-attenuated Nipah vaccine constructs and related single-dose replicating vector approaches,Human vaccine concept,Academic/preclinical investigators; NIH/NIAID intramural work in related VSV candidates,Hamster and African green monkey animal-model evidence,Preclinical for live-attenuated concepts; PHV02 is tracked separately as clinical rVSV vector,No public human clinical trial for live-attenuated Nipah constructs other than the separately tracked rVSV PHV02 vector program.,Preclinical publications available,,,,,[],[],[],None identified.,"New platform-tracker row for live-attenuated approaches, separated from the active PHV02 rVSV clinical product.","Safety attenuation, shedding/reversion risk, GMP feasibility, and clinical sponsor.",Preclinical animal-model protection,False,False,Vaccine / PMC: live-attenuated Nipah vaccine concepts protect hamsters | PubMed: single-dose live-attenuated VSV-based vaccine protects African green monkeys | NIAID: VSV-based Nipah vaccine preclinical note,https://pmc.ncbi.nlm.nih.gov/articles/PMC4829066/ | https://pubmed.ncbi.nlm.nih.gov/25865472/ | https://www.niaid.nih.gov/research/vsv-based-nipah-virus-vaccine,,live-attenuated-Nipah: 1061 Europe PMC hits,Source returned HTTP 403: https://www.niaid.nih.gov/research/vsv-based-nipah-virus-vaccine | Source returned HTTP 403: https://europepmc.org/search?query=live%20attenuated%20Nipah%20vaccine,Added for platform completeness; this row is not a separate active human clinical candidate.
hev-equivac-veterinary-licensed,Equivac® HeV,Veterinary vaccine,Approved veterinary countermeasure,Henipavirus hendraense,Hendra virus,Horse vaccination in Australia; One Health reduction of horse-to-human spillover risk,Licensed veterinary countermeasure,licensed_veterinary,12,Subunit protein,Recombinant soluble Hendra virus G glycoprotein subunit vaccine,Veterinary vaccine,Zoetis; Australian veterinary deployment; original CSIRO/Uniformed Services University collaborators,Licensed for horses in Australia; launched 2012 and fully registered in 2015,Licensed animal-health product; not a human vaccine,Veterinary licensure; not applicable to human clinical phases.,Veterinary/One Health literature available,2012-11,2015-08,2015-08,,[],"[{""city"": ""National veterinary use"", ""country"": ""Australia"", ""population"": ""Horses at risk of Hendra virus exposure"", ""role"": ""Licensed horse vaccination"", ""site"": ""Accredited veterinarians""}]",[],Licensed veterinary product; no human licensure.,Displayed in a separate veterinary countermeasures section to show the only licensed henipavirus vaccine globally is for animals only.,Maintain clear distinction between veterinary protection and lack of licensed human henipavirus vaccines.,Licensed veterinary product,False,False,Zoetis: Hendra Virus Vaccine fully registered in Australia | PMC: Hendra virus vaccine One Health approach | CSIRO: Hendra vaccine development background | Nature/npj Vaccines: horse anti-Hendra vaccine in use since 2012,https://news.zoetis.com/press-releases/press-release-details/2015/Hendra-Virus-Vaccine-Now-Fully-Registered-in-Australia/default.aspx | https://pmc.ncbi.nlm.nih.gov/articles/PMC3944873/ | https://www.csiro.au/en/news/all/articles/2012/november/hendra-vaccine | https://www.nature.com/articles/s41541-021-00284-w,,Equivac-HeV: 90 Europe PMC hits,Source returned HTTP 404: https://www.csiro.au/en/news/all/articles/2012/november/hendra-vaccine | Source title may indicate a stale/broken page: 404 - Page not found - CSIRO | Source returned HTTP 403: https://europepmc.org/search?query=Equivac%20HeV%20Hendra%20vaccine,Separated from human vaccine stages; never use this row to imply a licensed human countermeasure.
hev-human-specific-gap,Dedicated human Hendra-only vaccine indication,Human vaccine gap,Hendra public-health preparedness gap,Henipavirus hendraense,Hendra virus,"Human Hendra-specific indication, distinct from cross-protective Nipah programs",No active public vaccine or therapeutic program,gap,0,Gap / indication need,Not applicable,Human vaccine indication gap,No dedicated public human Hendra-only sponsor identified,"HeV-sG-V and mRNA-1215 may have cross-Hendra relevance, but no dedicated licensed human HeV indication exists",No dedicated human Hendra-only vaccine trial identified,Not applicable,Not applicable,,,,,[],[],[],No human reserve identified.,"Clarifies that Hendra coverage in the human pipeline is via cross-protective Nipah/Hendra candidates, not a dedicated licensed human Hendra vaccine.",Define whether human Hendra indication would be bridged from Nipah/HeV immunogenicity or handled through veterinary One Health control.,Curated gap,True,False,WHO R&D Blueprint: Nipah and Henipaviruses | npj Vaccines: subunit vaccine based on Hendra G and human Phase I context,https://www.who.int/teams/blueprint/nipah-henipaviruses | https://www.nature.com/articles/s41541-021-00284-w,,,,"Kept as a gap row for indication clarity, not counted as an active candidate."
cedar-research-surrogate-only,Cedar virus research surrogate lane,Research tool / surveillance,Not an active vaccine priority,Henipavirus cedri,Cedar virus,Non-pathogenic henipavirus used as a BSL-2 surrogate/model in some research systems,Surveillance / research tool only,surveillance,1,Research tool / surrogate model,"Research surrogate / assay model, not a vaccine candidate",Research tool,Academic research groups,"BSL-2 surrogate, neutralization assay, and model-development work",No active vaccine development program curated,Not applicable,Research-surrogate literature available,,,,,[],[],"[{""amount"": null, ""currency"": ""USD"", ""funder"": ""NIH/NIAID"", ""grant_or_award"": ""R21AI137813 recombinant chimeric Cedar virus surrogate work"", ""note"": ""Example research-support record, not a vaccine development grant."", ""unit"": """"}]",None.,"Clarified as a research tool/surrogate, not an active vaccine pipeline row.","Use only for methods, assays, and antiviral screening context unless a real product program appears.",Surveillance/research surrogate only,True,False,PubMed: Cedar virus biology and surrogate applications | PMC: recombinant chimeric Cedar virus surrogate model | PMC: BSL-2 model using non-pathogenic Cedar virus | NIH grant: recombinant chimeric Cedar virus-based surrogate,https://pubmed.ncbi.nlm.nih.gov/39967899/ | https://pmc.ncbi.nlm.nih.gov/articles/PMC10223282/ | https://pmc.ncbi.nlm.nih.gov/articles/PMC11105800/ | https://grantome.com/grant/NIH/R21-AI137813-02,,Cedar-surrogate: 44 Europe PMC hits,Source returned HTTP 403: https://europepmc.org/search?query=Cedar%20virus%20surrogate%20henipavirus,Marked as surveillance/research tool to prevent users from interpreting Cedar as a vaccine priority.
ghv-mojv-angv-surveillance-only,"Ghanaian bat/Kumasi, Mojiang, and Angavokely surveillance-only lane",Surveillance only / no active development,Surveillance only; not active vaccine pipeline,Selected non-Nipah/non-Hendra henipavirus or henipa-like viruses,Ghanaian bat henipavirus / Kumasi virus; Mojiang virus; Angavokely virus,"Discovery, sequence, and risk-characterization records without public vaccine programs",Surveillance / research tool only,surveillance,1,Surveillance / sequence discovery,Not applicable; no active vaccine product program identified,Surveillance only,Academic and public-health surveillance researchers,"Bat/rodent/shrew surveillance, genomics, and receptor/pathogenicity research",No active vaccine or therapeutic development program curated,Not applicable,Virus discovery and genomic publications available,,,,,[],"[{""city"": ""Kumasi / bat sampling contexts"", ""country"": ""Ghana"", ""population"": ""Bats / wildlife surveillance"", ""role"": ""Sequence/discovery surveillance"", ""site"": ""Surveillance studies""}, {""city"": ""Mojiang County / historical mine-associated research context"", ""country"": ""China"", ""population"": ""Rodents / environmental investigation"", ""role"": ""Sequence/discovery surveillance"", ""site"": ""Rodent-associated discovery context""}, {""city"": ""Fruit-bat sampling sites"", ""country"": ""Madagascar"", ""population"": ""Fruit bats"", ""role"": ""Genomic characterization"", ""site"": ""Angavokely virus discovery studies""}]",[],None.,Non-development species are removed from the active vaccine pipeline view by labeling them surveillance-only/no active development.,"Add product-program rows only if a source-backed candidate, sponsor, and development plan appear.",Surveillance/no active development,True,False,PubMed: Angavokely virus discovery and genomic characterization | Journal of Virology DOI: Angavokely virus from fruit bats | PMC review: henipavirus diversity and animal models | PMC: therapeutics/vaccine review context for Nipah priorities,https://pubmed.ncbi.nlm.nih.gov/36040175/ | https://journals.asm.org/doi/10.1128/jvi.00921-22 | https://pmc.ncbi.nlm.nih.gov/articles/PMC12197635/ | https://pmc.ncbi.nlm.nih.gov/articles/PMC12062192/,,non-NiV-HeV-surveillance: 4 Europe PMC hits,Source returned HTTP 403: https://journals.asm.org/doi/10.1128/jvi.00921-22 | Source returned HTTP 403: https://europepmc.org/search?query=Ghanaian%20bat%20henipavirus%20Mojiang%20Angavokely%20vaccine,Combined into one surveillance-only lane to reduce confusion and keep the active pipeline focused on Nipah and Hendra.
salt-gully-surveillance-only,Salt Gully virus surveillance lane,Surveillance only / no active development,Surveillance only,Salt Gully virus / novel henipavirus,Salt Gully virus,Novel Australian bat-borne henipavirus; pathogenic potential under study,Surveillance / research tool only,surveillance,1,Surveillance / virus discovery,Not applicable; no vaccine product program identified,Surveillance only,CSIRO and collaborating researchers,Australian flying fox surveillance and characterization,No active vaccine or therapeutic development program curated,Not applicable,Discovery publication and CSIRO public explainer available,,,,,[],"[{""city"": ""Queensland"", ""country"": ""Australia"", ""population"": ""Bats / wildlife surveillance"", ""role"": ""Virus discovery and characterization"", ""site"": ""Flying fox surveillance / CSIRO research""}]",[],None.,"Surveillance-only row; no evidence of human or animal disease, no vaccine program curated.","Pathogenicity, receptor, host-range, diagnostics, and ecological surveillance updates.",Surveillance/no active development,True,False,Emerging Infectious Diseases: Salt Gully virus isolated from pteropid bats | PMC: Salt Gully virus article | CSIRO: Salt Gully virus FAQ,https://wwwnc.cdc.gov/eid/article/31/9/25-0470_article | https://pmc.ncbi.nlm.nih.gov/articles/PMC12407197/ | https://www.csiro.au/en/news/all/news/2025/september/salt-gully-virus,,Salt-Gully-virus: 5 Europe PMC hits,Source returned HTTP 403: https://europepmc.org/search?query=%22Salt%20Gully%20virus%22%20henipavirus,Shown as surveillance-only and not an active vaccine priority.
tx-m1024-phase1-results-published,m102.4 monoclonal antibody,Therapeutic,Active public-health priority,Henipavirus nipahense / Henipavirus hendraense,Nipah virus; Hendra virus,Human monoclonal antibody targeting henipavirus G glycoprotein,Phase I results published,phase1_results_published,7,Therapeutic monoclonal antibody,Human monoclonal antibody biologic,Therapeutic / post-exposure prophylaxis candidate,"University of Queensland, Queensland Health, USU/HJF and collaborators; emergency-use experience",Phase I healthy-volunteer safety study; emergency/compassionate use experience reported,Phase I completed; results published,First-in-human randomized controlled Phase I study reported m102.4 as safe and well tolerated.,Published in The Lancet Infectious Diseases / PubMed 2020.,,,,,[],"[{""city"": ""Queensland"", ""country"": ""Australia"", ""population"": ""Healthy adults"", ""role"": ""Healthy-volunteer Phase I study"", ""site"": ""Phase I clinical research setting""}]",[],Emergency-use experience reported; no licensed product identified.,"New therapeutics-tab row. m102.4 is the most mature public henipavirus therapeutic, with published Phase I safety data and emergency-use history.","Availability/stockpile strategy, outbreak-use protocol, efficacy evidence, and regulatory pathway.",Published Phase I therapeutic + emergency-use reports,False,True,PubMed: m102.4 first-in-human Phase I study | The Lancet Infectious Diseases DOI: m102.4 Phase I study | DHA: USU-developed monoclonal antibody recognized as innovation,https://pubmed.ncbi.nlm.nih.gov/32027842/ | https://doi.org/10.1016/S1473-3099(19)30634-6 | https://www.dha.mil/News/2025/04/25/14/04/USU-developed-monoclonal-antibody-against-Nipah-virus-recognized-as-top-innovation,,m102.4: 116 Europe PMC hits,Source returned HTTP 403: https://doi.org/10.1016/S1473-3099(19)30634-6 | Source returned HTTP 403: https://europepmc.org/search?query=m102.4%20henipavirus%20phase%201,Therapeutic row added because countermeasure readiness is broader than vaccines.
tx-mbp1f5-phase1-planned,MBP1F5 monoclonal antibody,Therapeutic,Active public-health priority,Henipavirus nipahense / Henipavirus hendraense,Nipah virus; Hendra virus,Cross-reactive monoclonal antibody targeting the henipavirus fusion protein,Phase I planned / registered,phase1_planned,4,Therapeutic monoclonal antibody,Human monoclonal antibody biologic,Therapeutic / immediate protection candidate,"Mapp Biopharmaceutical, CEPI, US Department of Defense / USU collaborators, ServareGMP",Planned human trials in India and Bangladesh after manufacturing/regulatory work,Phase I planned; no public registry curated yet,CEPI announced support to advance MBP1F5 to human testing; trials in India and Bangladesh were planned in CEPI communications.,Preclinical therapeutic publication available; no human results yet,,,,,[],"[{""city"": ""To be confirmed"", ""country"": ""India"", ""population"": ""Healthy adults initially, to be confirmed"", ""role"": ""Planned Phase I/clinical testing"", ""site"": ""Planned clinical trial sites""}, {""city"": ""To be confirmed"", ""country"": ""Bangladesh"", ""population"": ""At-risk populations, to be confirmed"", ""role"": ""Planned affected-region clinical testing"", ""site"": ""Planned clinical trial sites""}]","[{""amount"": 43.5, ""currency"": ""USD"", ""funder"": ""CEPI"", ""grant_or_award"": ""MBP1F5 monoclonal antibody clinical development"", ""note"": ""CEPI announcement for novel antibody trials."", ""unit"": ""million""}]",No licensed reserve; intended for rapid protection/treatment in outbreaks if successful.,"New therapeutics-tab row for CEPI-backed MBP1F5, an F-targeting monoclonal antibody planned for human trials.","Public trial registry, first participant dosed, safety data, and affected-area protocol.",CEPI-funded therapeutic clinical-entry program + preclinical evidence,False,False,CEPI: new human trials for novel Nipah antibody MBP1F5 | Science Translational Medicine: MBP1F5 preclinical therapeutic administration | PubMed: therapeutic administration of cross-reactive mAb,https://cepi.net/new-human-trials-novel-antibody-offer-hope-immediate-protection-against-deadly-nipah | https://www.science.org/doi/10.1126/scitranslmed.adl2055 | https://pubmed.ncbi.nlm.nih.gov/38569014/,,MBP1F5: 3 Europe PMC hits,Source returned HTTP 403: https://www.science.org/doi/10.1126/scitranslmed.adl2055 | Source returned HTTP 403: https://europepmc.org/search?query=MBP1F5%20Nipah,Curated as Phase I planned rather than started until a registry or first-dosing source is public.
tx-remdesivir-preclinical,Remdesivir / GS-5734,Therapeutic,Active public-health priority,Henipavirus nipahense,Nipah virus,Repurposed broad-spectrum nucleotide prodrug antiviral,Preclinical / animal-model evidence,preclinical,2,Therapeutic small molecule / antiviral,Small-molecule antiviral,Therapeutic,NIAID/CDC/Gilead and academic investigators,African green monkey and animal-model treatment studies; no Nipah clinical trial identified,Preclinical for Nipah,No public Nipah clinical trial identified.,Preclinical NHP publications available,,,,,[],[],[],No Nipah-specific licensed indication.,Therapeutics-tab row showing preclinical antiviral evidence but no Nipah clinical development.,"Dose timing, combination therapy, clinical feasibility, compassionate-use protocol, and outbreak trial design.",Preclinical non-human-primate therapeutic evidence,False,False,PubMed: remdesivir protects African green monkeys from Nipah virus | PMC: late remdesivir treatment partially protects African green monkeys,https://pubmed.ncbi.nlm.nih.gov/31142680/ | https://pmc.ncbi.nlm.nih.gov/articles/PMC10529221/,,remdesivir-Nipah: 76 Europe PMC hits,Source returned HTTP 403: https://europepmc.org/search?query=remdesivir%20Nipah%20virus%20African%20green%20monkeys,"Repurposed therapeutic, not a vaccine and not clinically proven for Nipah."
tx-favipiravir-preclinical,Favipiravir / T-705,Therapeutic,Active public-health priority,Henipavirus nipahense,Nipah virus,Repurposed broad-spectrum antiviral; mixed hamster evidence,Preclinical / animal-model evidence,preclinical,2,Therapeutic small molecule / antiviral,Small-molecule antiviral,Therapeutic,Academic/preclinical investigators,Hamster model studies with conflicting protection results; no Nipah clinical trial identified,Preclinical for Nipah,No public Nipah clinical trial identified.,"Preclinical publications available, including conflicting 2018 and 2025 hamster results",,,,,[],[],[],No Nipah-specific licensed indication.,Therapeutics-tab row flags conflicting preclinical evidence and avoids overstating clinical readiness.,"Replicate efficacy, optimize exposure/timing, compare strains, and decide whether outbreak trialing is justified.",Preclinical small-animal therapeutic evidence; mixed results,False,False,Scientific Reports: favipiravir protects against Nipah in hamster model | PLOS ONE 2025: favipiravir only partially protective in hamster model | PubMed: 2025 favipiravir hamster study,https://www.nature.com/articles/s41598-018-25780-3 | https://journals.plos.org/plosone/article?id=10.1371%2Fjournal.pone.0318912 | https://pubmed.ncbi.nlm.nih.gov/40354368/,,favipiravir-Nipah: 102 Europe PMC hits,Source returned HTTP 403: https://europepmc.org/search?query=favipiravir%20Nipah%20hamster,Included under therapeutics with caution because newer preclinical evidence conflicts with earlier full-protection reports.
